INSERT INTO user_account (id, tenant_id, username, password_hash, display_name, role, status)
VALUES
  (1000000000000000102, 1000000000000000001, 'teacher', '{noop}123456', '林老师', 'TEACHER', 'ACTIVE'),
  (1000000000000000103, 1000000000000000001, 'student', '{noop}123456', '王一诺', 'STUDENT', 'ACTIVE'),
  (1000000000000000104, 1000000000000000001, 'parent', '{noop}123456', '王女士', 'PARENT', 'ACTIVE')
ON DUPLICATE KEY UPDATE updated_at = CURRENT_TIMESTAMP;

INSERT INTO student_profile (id, tenant_id, name, grade, school, subject, parent_name, parent_phone, remaining_lessons, weakness_note)
VALUES
  (1000000000000000301, 1000000000000000001, '王一诺', '初三', '南山实验学校', '数学', '王女士', '13800000001', 18, '二次函数压轴题和计算稳定性'),
  (1000000000000000302, 1000000000000000001, '李泽', '高二', '市二中', '数学', '李先生', '13800000002', 9, '解析几何建模'),
  (1000000000000000303, 1000000000000000001, '陈嘉禾', '高一', '外国语高中', '物理', '陈女士', '13800000003', 15, '受力分析和整体法')
ON DUPLICATE KEY UPDATE updated_at = CURRENT_TIMESTAMP;

INSERT INTO class_group (id, tenant_id, name, subject, grade, description)
VALUES
  (1000000000000000401, 1000000000000000001, '初二数学 A 班', '数学', '初二', '函数图像专题班'),
  (1000000000000000402, 1000000000000000001, '高一物理班', '物理', '高一', '牛顿定律与受力分析'),
  (1000000000000000403, 1000000000000000001, '1v1 精准提升', '数学', '初三/高二', '按学生单独排课')
ON DUPLICATE KEY UPDATE updated_at = CURRENT_TIMESTAMP;

INSERT INTO class_member (id, tenant_id, class_group_id, student_id)
VALUES
  (1000000000000000501, 1000000000000000001, 1000000000000000401, 1000000000000000301),
  (1000000000000000502, 1000000000000000001, 1000000000000000402, 1000000000000000303),
  (1000000000000000503, 1000000000000000001, 1000000000000000403, 1000000000000000301),
  (1000000000000000504, 1000000000000000001, 1000000000000000403, 1000000000000000302)
ON DUPLICATE KEY UPDATE updated_at = CURRENT_TIMESTAMP;

INSERT INTO lesson (id, tenant_id, class_group_id, teacher_user_id, subject, topic, starts_at, ends_at, lesson_hours, unit_price, delivery_mode, status)
VALUES
  (1000000000000000601, 1000000000000000001, 1000000000000000401, 1000000000000000101, '数学', '函数图像专题', '2026-06-29 09:00:00', '2026-06-29 10:30:00', 1.50, 240.00, 'OFFLINE', 'COMPLETED'),
  (1000000000000000602, 1000000000000000001, 1000000000000000403, 1000000000000000101, '数学', '二次函数压轴', '2026-06-29 14:30:00', '2026-06-29 16:00:00', 1.50, 300.00, 'ONLINE', 'SCHEDULED'),
  (1000000000000000603, 1000000000000000001, 1000000000000000402, 1000000000000000101, '物理', '牛顿定律', '2026-06-29 19:00:00', '2026-06-29 20:30:00', 1.50, 220.00, 'ONLINE', 'SCHEDULED')
ON DUPLICATE KEY UPDATE updated_at = CURRENT_TIMESTAMP;

INSERT INTO homework (id, tenant_id, lesson_id, teacher_user_id, title, content, due_at, status)
VALUES
  (1000000000000000701, 1000000000000000001, 1000000000000000601, 1000000000000000101, '函数图像分层练习', '完成 A/B/C 三层练习，标出不会的题。', '2026-06-29 21:00:00', 'PUBLISHED'),
  (1000000000000000702, 1000000000000000001, 1000000000000000603, 1000000000000000101, '牛顿定律错题复盘', '整理本周错题并写出受力分析步骤。', '2026-06-30 18:00:00', 'PUBLISHED'),
  (1000000000000000703, 1000000000000000001, 1000000000000000602, 1000000000000000101, '二次函数压轴 8 题', '重点看动点与面积最值。', '2026-06-29 23:00:00', 'DRAFT')
ON DUPLICATE KEY UPDATE updated_at = CURRENT_TIMESTAMP;
